Jzkitty21,JZKITTY#3143,254774534274547713,player
ghosthardware515,sarah_#4781,167796704739983360,player
dyslexda,dyslexda#0531,202278109708419072,player
therealduke96,Bigbosstone#5754,235564193112260608,player
Kyounggun,Kyounggun#0717,273639536804757514,player
Am3yankees3,Andrew3#2319,402249979651031052,player
steelermade28,steelermade28#8041,198821468317024256,player
xbijin,xbijin#3776,398235187634503702,player
Ashbymtg,Keyo,114529305219956739,player
Druidicdwarf,LefLop#4771,246762932703068162,player
FT_Blasit,dairy_test_user#5360,679869242954350644,player
Juniped,Juniped#0711,121871011091185664,player
Petralikesbaseball,Petralikesbaseball#0016,158306211568025600,player
