AlienAbortionMachine,Alien Abortion Machine#7864,375039413203501057,player
ryanthegreat1reaves,Sticky Mickey #7946,539593078273605645,player
Wazzup44,Wazzup44#3094,140944286282678273,player
Artzyz,ando#0150,135821931550081024,player
Ocelot_Tuga,Arujento#7149,326427060438433792,player
Bdu754,Bdu754#3704,243912771027206155,player
fermatajack,fermatajack,294497117467181056,player
ghosthardware515,sarah_#4781,167796704739983360,player
therealduke96,natetheduke#5754,235564193112260608,player
MN_Moosey,Moosey#7461,148425866588848128,player
Juniped,Juniped,121871011091185664,player
geothearch,Geo#4579,372553093331812352,player
rubachikin,rubachikin#8277,373703526347440129,player
Jzkitty21,JZKITTY#3143,254774534274547713,player
dyslexda,dyslexda#0531,202278109708419072,commissioner